{
    "name": "challonge",
    "title": "jQuery Challonge",
    "description": "jQuery plugin for easily embedding Challonge brackets.",
    "keywords": [
        "challonge",
        "tournament",
        "round-robin",
        "single-elimination",
        "double-elimination",
        "swiss",
        "bracket"
    ],
    "version": "0.1.1",
    "author": {
        "name": "Challonge.com and other contributors",
        "url": "http://challonge.com"
    },
    "maintainers": [
        {
            "name": "Adam Darrah",
            "email": "adam@challonge.com",
            "url": "http://twitter.com/1bertlol"
        },
        {
            "name": "David Cornelius",
            "email": "david@challonge.com",
            "url": "http://twitter.com/davecornelius"
        }
    ],
    "licenses": [
        {
            "type": "MIT",
            "url": "https://github.com/jquery/jquery-color/blob/2.1.2/MIT-LICENSE.txt"
        }
    ],
    "bugs": "https://github.com/challonge/challonge-jquery-plugin/issues",
    "homepage": "https://github.com/challonge/challonge-jquery-plugin",
    "docs": "https://github.com/challonge/challonge-jquery-plugin",
    "download": "https://github.com/challonge/challonge-jquery-plugin",
    "dependencies": {
        "jquery": ">=1.5"
    }
}